influnce_name,follower_name,danceability,energy,valence,tempo,loudness,acousticness,instrumentalness,liveness,speechiness,duration_ms,popularity
Black Box,Soda Stereo,0.014234270937918573,0.044025572698151876,0.1533722807690307,0.007005911790621999,0.009971717857466807,0.023408377121945784,0.024082135345100203,0.9213965145700529,0.10534021140723855,0.040974297528262,0.07011565183207484
Black Box,David Guetta,0.014218610971323261,0.025219429550910555,0.21535691964569054,0.015664789587919864,0.028609996897187507,0.006835894208789652,0.0035953373024088927,0.2888059705742446,0.6135268840880279,0.041160333239040794,0.0471326218820458
