influncer,follower,LTS,STS
Black Box,Soda Stereo,-0.20589002761978398,0.020301817426216284
Black Box,David Guetta,-0.042275354737230764,0.04209985098424884
